<?xml version="1.0" encoding="utf-8"?>
<Window size="460,290" caption="0,0,0,36">
	<VerticalLayout bordersize="1" bordercolor="#FF33374A" bkcolor="#FFFFFFFF">
		<HorizontalLayout height="36" inset="16,4,4,4">
			<Label text="关于我们" font="2" />
			<Button name="AboutWinCloseBtn" width="28" height="28" normalimage="file='img/normal/icon_close.png' source='0,0,28,28'" hotimage="file='img/normal/icon_close.png' source='28,0,56,28'" pushedimage="file='img/normal/icon_close.png' source='0,0,28,28'" />
		</HorizontalLayout>
		<VerticalLayout childalign="center" inset="0,31,0,24">
			<Label width="350" height="70" bkimage="img/normal/hunter.png" />
			<Label height="24" padding="0,10,0,0" text="Hades Windows" align="center" font="5" />
			<Label height="18" text="theSecHunter" align="center" font="2" />
			<Button name="GithubLinkBtn" width="400" padding="0,23,0,0" height="18" text="github：https://github.com/theSecHunter" align="center" font="4" />
			<Label name="VersionLab" height="16" text="版本号：v2" align="center" font="2" />
		</VerticalLayout>
	</VerticalLayout>
</Window>