<?xml version="1.0" encoding="utf-8"?>
<Window size="600,420" caption="0,0,0,36" >
	<Font shared="true" id="1" name="Microsoft YaHei" size="10" />
    <Font shared="true" id="2" name="Microsoft YaHei" size="12" />
    <Font shared="true" id="3" name="Microsoft YaHei" size="14" />
    <Font shared="true" id="4" name="Microsoft YaHei" size="12" />
    <Font shared="true" id="5" name="Microsoft YaHei" size="16" />
    <Font shared="true" id="6" name="Microsoft YaHei" size="26" />
    <Font shared="true" id="7" name="Microsoft YaHei" size="24" underline="true"/>
    <Font shared="true" id="8" name="Microsoft YaHei" bold="true" size="20" />
	
	<VerticalLayout bordersize="1" bordercolor="#FF33374A" bkcolor="#FFFFFFFF" >

		<HorizontalLayout heigth="28" childpadding="2" >
			<Label height="28" text="Hades监控" textpadding="5,0,0,0" font="4" />
			<Button name="MainMenuBtn" width="28" height="28" normalimage="file='img/normal/icon_menu.png' source='0,0,28,28'" hotimage="file='img/normal/icon_menu.png' source='28,0,56,28'" pushedimage="file='img/normal/icon_menu.png' source='56,0,84,28'" />
			<Button name="MainMinsizeBtn" width="28" height="28" normalimage="file='img/normal/icon_min.png' source='0,0,28,28'" hotimage="file='img/normal/icon_min.png' source='28,0,56,28'" pushedimage="file='img/normal/icon_min.png' source='56,0,84,28'" />
			<Button name="MainCloseBtn" width="28" height="28" normalimage="file='img/normal/icon_close.png' source='0,0,28,28'" hotimage="file='img/normal/icon_close.png' source='28,0,56,28'" pushedimage="file='img/normal/icon_close.png' source='0,0,28,28'" />
		</HorizontalLayout>
				
		<HorizontalLayout height="300" >
			<VerticalLayout padding="30,35,0,0" height="400" >
				<Label width="180" height="130" bkimage="file='img/normal/Computerlog.png'" />
				<HorizontalLayout height="32" padding="35,50,0,0" >
					<Label name="ServerAgentConnectImg" width="16" height="16" bkimage="img/normal/winmain_connectfailuer1.png" />
					<Label name="ServerAgentConnectStatus" padding="10,0,0,0" width="120" height="16" font="2" text="HadesAgent未启动" />
					<Label name="ServerSvcConnectImg" padding="35,0,0,0" width="16" height="16" bkimage="img/normal/winmain_connectfailuer1.png" />
					<Label name="ServerSvcConnectStatus" padding="10,0,0,0" width="120" height="16" font="2" text="HadesSvc未启动" />
					<Button name="StartHadesAgentExe" padding="25,0,0,0" width="150" height="16" text="→ 点击此处启动HadesAgent" />
				</HorizontalLayout>
			</VerticalLayout>
			<Option float="true" pos="60,250,0,0" name="MainMonUserBtn" mouse="false" width="120" height="33" text="用户态监控" textpadding="25,0,0,0" font="4" normalimage="file='img/normal/slide_btn.png' dest='0,0,32,32'" hotimage="file='img/normal/slide_btn.png' dest='0,0,32,32'" selectedimage="file='img/normal/slide_btn1.png' dest='0,0,32,32'" />
			<Option float="true" pos="250,250,0,0" name="MainMonKerBtn" mouse="false" width="120" height="33" text="内核态监控" textpadding="25,0,0,0" font="4" normalimage="file='img/normal/slide_btn.png' dest='0,0,32,32'" hotimage="file='img/normal/slide_btn.png' dest='0,0,32,32'" selectedimage="file='img/normal/slide_btn1.png' dest='0,0,32,32'" />
			<Option float="true" pos="430,250,0,0" name="MainMonBeSnipingBtn" mouse="false" width="120" height="33" text="恶意行为拦截" textpadding="25,0,0,0" font="4" normalimage="file='img/normal/slide_btn.png' dest='0,0,32,32'" hotimage="file='img/normal/slide_btn.png' dest='0,0,32,32'" selectedimage="file='img/normal/slide_btn1.png' dest='0,0,32,32'" />
			<Label float="true" width="120" height="28" pos="250,20,0,0" text="运行用户: " font="2" />
			<Label name="mainwin_currentuser_lab" float="true" width="300" height="28" pos="320,20,0,0" font="1" />
			<Label float="true" width="120" height="28" pos="250,40,0,0" text="处理器  : " font="1" />
			<Label name="mainwin_cpu_lab" float="true" width="300" height="28" pos="320,40,0,0" font="1" />	
			<Label float="true" width="120" height="28" pos="250,60,0,0" text="系统版本: " font="2" />
			<Label name="mainwin_sysver_lab" float="true" width="300" height="28" pos="320,60,0,0" font="1" />
			<Label float="true" width="120" height="28" pos="250,80,0,0" text="主板型号: " font="2" />
			<Label name="mainwin_mainbocard_lab" float="true" width="300" height="28" pos="320,80,0,0" font="1" />
			<Label float="true" width="120" height="28" pos="250,100,0,0" text="显示器 : " font="2" />
			<Label name="mainwin_battery_lab" float="true" width="300" height="28" pos="320,100,0,0" font="1" />
			<Label float="true" width="120" height="28" pos="250,120,0,0" text="蓝牙状态: " font="2" />
			<Label name="mainwin_bluetooth_lab" float="true" width="300" height="28" pos="320,120,0,0" font="1" />
			<Label float="true" width="120" height="28" pos="250,140,0,0" text="摄像头状态: " font="2" />
			<Label name="mainwin_camera_lab" float="true" width="300" height="28" pos="320,140,0,0" font="1" />
			<Label float="true" width="120" height="28" pos="250,160,0,0" text="麦克风状态: " font="2" />
			<Label name="mainwin_microphone_lab" float="true" width="300" height="28" pos="320,160,0,0" font="1" />
		</HorizontalLayout>

		<HorizontalLayout height="20" childpadding="150,0,0,0" >
			<Option padding="70,0,0,0" hotbkcolor="#FF2AA2F9"  hottextcolor="#FFFFFFFF" pushedtextcolor="#FFA4B8C8" name="MainMontemperatureOpt" group="MainOpView" width="50" height="20" text="温度" textpadding="20,0,0,0" font="4" align="left" normalimage="file='img/normal/op_temperature.png' dest='0,0,16,16'" hotimage="file='img/normal/op_temperature.png' dest='0,0,16,16'" selectedimage="file='img/normal/op_temperature.png' dest='0,0,16,16'" />
			<Option  hotbkcolor="#FF2AA2F9"  hottextcolor="#FFFFFFFF" pushedtextcolor="#FFA4B8C8" name="MainMonCpuOpt" group="MainOpView" width="50" height="20" text="性能"  textpadding="20,0,0,0" font="4" align="left" normalimage="file='img/normal/op_cpu.png' dest='0,0,16,16'" hotimage="file='img/normal/op_cpu.png' dest='0,0,16,16'" selectedimage="file='img/normal/op_cpu.png' dest='0,0,16,16'"  />
			<Option  hotbkcolor="#FF2AA2F9"  hottextcolor="#FFFFFFFF" pushedtextcolor="#FFA4B8C8" name="MainMonBoxOpt" group="MainOpView" width="50" height="20" text="功能"   textpadding="20,0,0,0" font="4" align="left" normalimage="file='img/normal/op_box.png' dest='0,0,16,16'" hotimage="file='img/normal/op_box.png' dest='0,0,16,16'" selectedimage="file='img/normal/op_box.png' dest='0,0,16,16'"  />
		</HorizontalLayout>

		<Container name="MainOp_Container" padding="0,20,0,0" >
	
			<HorizontalLayout name="MainOptemperature_VLayout" float="true" pos="0,0" width="600" height="100" childpadding="50,0,0,0" >
				<Label padding="50,0,0,0" width="100" height="28" text="CPU温度: " font="2" />
				<Label width="100" height="28" text="显卡温度: " font="2" />
				<Label width="100" height="28" text="主板温度: " font="2" />
				<Label width="100" height="28" text="硬盘温度: " font="2" />
			</HorizontalLayout>
			
			<HorizontalLayout name="MainOpCpu_VLayout" float="true" pos="0,0" visible="false"  width="600" height="100" padding="50,0,0,0" childpadding="50,0,0,0" >
				<Label name="winmain_layout_cpuinfo" padding="50,0,0,0" width="100" height="28" text="CPU: " font="2" />
				<Label name="winmain_layout_memory" width="100" height="28" text="内存: " font="2" />
				<Label name="winmain_layout_diskio" width="100" height="28" text="磁盘: " font="2" />
				<Label name="winmain_layout_gpu" width="100" height="28" text="GPU: " font="2" />
			</HorizontalLayout>

			<HorizontalLayout name="MainOpBox_VLayout" float="true" pos="0,0" visible="false"  width="600" height="100" padding="50,0,0,0" childpadding="50,0,0,0" >
				<Label padding="50,0,0,0" width="100" height="28" text="垃圾清理 " font="2" />
				<Label width="100" height="28" text="软件管理" font="2" />
				<Label width="100" height="28" text="文件管理" font="2" />
				<Label width="100" height="28" text="一键加速" font="2" />
			</HorizontalLayout>
		
		</Container>
		
</VerticalLayout>
</Window>